"","genus","ecology","category"
"1","Abrekia","pedicle","epifaunal"
"2","Acanthalosia","cemented","epifaunal"
"3","Acanthocrania","cemented","epifaunal"
"4","Acanthorhynchia","pedicle","epifaunal"
"5","Acanthothiris","pedicle","epifaunal"
"6","Acanthothyropsis","pedicle","epifaunal"
"7","Acolosia","pedicle","epifaunal"
"8","Acosarina","pedicle","epifaunal"
"9","Acritosia","cemented","epifaunal"
"10","Adatsagochonetes","recliner","epifaunal"
"11","Adminiculoria","pedicle","epifaunal"
"12","Advenina","pedicle","epifaunal"
"13","Adygella","pedicle","epifaunal"
"14","Adygelloides","pedicle","epifaunal"
"15","Adygellopsis","pedicle","epifaunal"
"16","Aequalicosta","pedicle","epifaunal"
"17","Aequspiriferina","pedicle","epifaunal"
"18","Aethirhynchia","pedicle","epifaunal"
"19","Agelesia","cemented","epifaunal"
"20","Akatchania","recliner","epifaunal"
"21","Akopovorhynchia","pedicle","epifaunal"
"22","Alatochonetes","recliner","epifaunal"
"23","Alatoproductus","recliner","epifaunal"
"24","Alatorthotetina","cemented","epifaunal"
"25","Albasphe","pedicle","epifaunal"
"26","Aldina","pedicle","epifaunal"
"27","Alebusirhynchia","pedicle","epifaunal"
"28","Alexenia","recliner","epifaunal"
"29","Alipunctifera","pedicle","epifaunal"
"30","Alispiriferella","pedicle","epifaunal"
"31","Allorhynchus","pedicle","epifaunal"
"32","Alpavlia","recliner","epifaunal"
"33","Alphachoristites","pedicle","epifaunal"
"34","Alphaneospirifer","pedicle","epifaunal"
"35","Altiplecus","pedicle","epifaunal"
"36","Ambikella","pedicle","epifaunal"
"37","Ametoria","recliner","epifaunal"
"38","Amoenirhynchia","pedicle","epifaunal"
"39","Amphiclina","pedicle","epifaunal"
"40","Amphiclinodonta","pedicle","epifaunal"
"41","Amphipella","pedicle","epifaunal"
"42","Amurothyris","pedicle","epifaunal"
"43","Amydroptychus","pedicle","epifaunal"
"44","Amygdalocosta","pedicle","epifaunal"
"45","Anadyrella","pedicle","epifaunal"
"46","Anaptychius","pedicle","epifaunal"
"47","Anarhynchia","pedicle","epifaunal"
"48","Ancorhynchia","pedicle","epifaunal"
"49","Anemonaria","recliner","epifaunal"
"50","Aneuthelasma","pedicle","epifaunal"
"51","Angustothyris","pedicle","epifaunal"
"52","Anidanthus","recliner","epifaunal"
"53","Animonithyris","pedicle","epifaunal"
"54","Anisactinella","pedicle","epifaunal"
"55","Anomactinella","pedicle","epifaunal"
"56","Anomalesia","pedicle","epifaunal"
"57","Anomaloria","pedicle","epifaunal"
"58","Ansehia","cemented","epifaunal"
"59","Anteridocus","pedicle","epifaunal"
"60","Antezeilleria","pedicle","epifaunal"
"61","Anthracospirifer","pedicle","epifaunal"
"62","Antiptychina","pedicle","epifaunal"
"63","Antronaria","pedicle","epifaunal"
"64","Aorhynchia","pedicle","epifaunal"
"65","Aparimarhynchia","pedicle","epifaunal"
"66","Apatecosia","pedicle","epifaunal"
"67","Aperispirifer","pedicle","epifaunal"
"68","Apertirhynchella","pedicle","epifaunal"
"69","Aphaurosia","pedicle","epifaunal"
"70","Apodosia","pedicle","epifaunal"
"71","Apringia","pedicle","epifaunal"
"72","Arabatia","pedicle","epifaunal"
"73","Arapsothyris","pedicle","epifaunal"
"74","Araxathyris","pedicle","epifaunal"
"75","Araxilevis","recliner","epifaunal"
"76","Arcelinithyris","pedicle","epifaunal"
"77","Arceythyris","pedicle","epifaunal"
"78","Archboldevia","recliner","epifaunal"
"79","Archboldina","recliner","epifaunal"
"80","Arcticalosia","cemented","epifaunal"
"81","Arctitreta","cemented","epifaunal"
"82","Arctochonetes","recliner","epifaunal"
"83","Arctothyris","pedicle","epifaunal"
"84","Arcullina","pedicle","epifaunal"
"85","Argovithyris","pedicle","epifaunal"
"86","Arionthia","pedicle","epifaunal"
"87","Aromasithyris","pedicle","epifaunal"
"88","Arzonellina","pedicle","epifaunal"
"89","Asperlinus","recliner","epifaunal"
"90","Astegosia","pedicle","epifaunal"
"91","Atelestegastus","cemented","epifaunal"
"92","Atelithyris","pedicle","epifaunal"
"93","Athyrorhynchia","pedicle","epifaunal"
"94","Attenuatella","pedicle","epifaunal"
"95","Aucklandirhynchia","pedicle","epifaunal"
"96","Aulacothyris","pedicle","epifaunal"
"97","Aulacothyroides","pedicle","epifaunal"
"98","Aulacothyropsis","pedicle","epifaunal"
"99","Aulosteges","cemented","epifaunal"
"100","Auriculispina","recliner","epifaunal"
"101","Aurilinoproductus","recliner","epifaunal"
"102","Austriellula","pedicle","epifaunal"
"103","Austrirhynchia","pedicle","epifaunal"
"104","Avonothyris","pedicle","epifaunal"
"105","Bactrynium","cemented","epifaunal"
"106","Baeorhynchia","pedicle","epifaunal"
"107","Bailliena","recliner","epifaunal"
"108","Baissalosteges","cemented","epifaunal"
"109","Bajkuria","pedicle","epifaunal"
"110","Bajtugania","pedicle","epifaunal"
"111","Bakonyithyris","pedicle","epifaunal"
"112","Balatonospira","pedicle","epifaunal"
"113","Baliqliqia","pedicle","epifaunal"
"114","Bamberina","pedicle","epifaunal"
"115","Bandoproductus","recliner","epifaunal"
"116","Batangorhynchia","pedicle","epifaunal"
"117","Bathymyonia","recliner","epifaunal"
"118","Beecheria","pedicle","epifaunal"
"119","Belbekella","pedicle","epifaunal"
"120","Bellaclathrus","recliner","epifaunal"
"121","Betaneospirifer","pedicle","epifaunal"
"122","Bibatiola","recliner","epifaunal"
"123","Bicamella","pedicle","epifaunal"
"124","Bicepsirhynchia","pedicle","epifaunal"
"125","Biconvexiella","pedicle","epifaunal"
"126","Bihendulirhynchia","pedicle","epifaunal"
"127","Bihenithyris","pedicle","epifaunal"
"128","Bilaminella","pedicle","epifaunal"
"129","Bilotina","recliner","epifaunal"
"130","Biplatyconcha","cemented","epifaunal"
"131","Bisolcatelasma","pedicle","epifaunal"
"132","Bittnerella","cemented","epifaunal"
"133","Bittnerithyris","pedicle","epifaunal"
"134","Bittnerula","pedicle","epifaunal"
"135","Blasispirifer","pedicle","epifaunal"
"136","Bocharella","recliner","epifaunal"
"137","Bodrakella","pedicle","epifaunal"
"138","Bolilaspirifer","pedicle","epifaunal"
"139","Booralia","pedicle","epifaunal"
"140","Boreiospira","pedicle","epifaunal"
"141","Boreiothyris","pedicle","epifaunal"
"142","Bothrionia","recliner","epifaunal"
"143","Bothrostegium","cemented","epifaunal"
"144","Bothrothyris","pedicle","epifaunal"
"145","Brachythyrina","pedicle","epifaunal"
"146","Brachythyrinella","pedicle","epifaunal"
"147","Brachythyris","pedicle","epifaunal"
"148","Bradfordirhynchia","pedicle","epifaunal"
"149","Brasilioproductus","recliner","epifaunal"
"150","Bruntonella","recliner","epifaunal"
"151","Bruntonia","recliner","epifaunal"
"152","Bryorhynchus","pedicle","epifaunal"
"153","Buckmanithyris","pedicle","epifaunal"
"154","Bullarina","pedicle","epifaunal"
"155","Burmirhynchia","pedicle","epifaunal"
"156","Burovia","recliner","epifaunal"
"157","Buxtonia","recliner","epifaunal"
"158","Buxtonioides","recliner","epifaunal"
"159","Cactosteges","cemented","epifaunal"
"160","Cadomella","pedicle","epifaunal"
"161","Calcirhynchia","pedicle","epifaunal"
"162","Caledorhynchia","pedicle","epifaunal"
"163","Callaiapsida","pedicle","epifaunal"
"164","Calliomarginatia","recliner","epifaunal"
"165","Calliprotonia","recliner","epifaunal"
"166","Callispirina","pedicle","epifaunal"
"167","Callospiriferina","pedicle","epifaunal"
"168","Callyconcha","recliner","epifaunal"
"169","Callytharrella","recliner","epifaunal"
"170","Calpella","pedicle","epifaunal"
"171","Calvirhynchia","pedicle","epifaunal"
"172","Calycelasma","pedicle","epifaunal"
"173","Calyptoria","pedicle","epifaunal"
"174","Camarelasma","pedicle","epifaunal"
"175","Camarophorinella","pedicle","epifaunal"
"176","Camerenteletes","pedicle","epifaunal"
"177","Camerisma","pedicle","epifaunal"
"178","Camerothyris","pedicle","epifaunal"
"179","Campbellelasma","pedicle","epifaunal"
"180","Canadospira","pedicle","epifaunal"
"181","Canalisella","pedicle","epifaunal"
"182","Cancellospirifer","pedicle","epifaunal"
"183","Cancrinella","recliner","epifaunal"
"184","Cancrinelloides","recliner","epifaunal"
"185","Capillaria","cemented","epifaunal"
"186","Capillirhynchia","pedicle","epifaunal"
"187","Capillomesolobus","recliner","epifaunal"
"188","Capillonia","recliner","epifaunal"
"189","Carapezzia","pedicle","epifaunal"
"190","Cardiarina","pedicle","epifaunal"
"191","Cardinirhynchia","pedicle","epifaunal"
"192","Cardinocrania","cemented","epifaunal"
"193","Caricula","recliner","epifaunal"
"194","Carilya","cemented","epifaunal"
"195","Carinokoninckina","pedicle","epifaunal"
"196","Carpatothyris","pedicle","epifaunal"
"197","Cartorhium","pedicle","epifaunal"
"198","Caryona","pedicle","epifaunal"
"199","Cassianospira","pedicle","epifaunal"
"200","Cathaysia","recliner","epifaunal"
"201","Cathayspirina","pedicle","epifaunal"
"202","Caucasella","pedicle","epifaunal"
"203","Caucasoproductus","pedicle","epifaunal"
"204","Caucasorhynchella","pedicle","epifaunal"
"205","Caucasorhynchia","pedicle","epifaunal"
"206","Caucasothyris","pedicle","epifaunal"
"207","Celebetes","recliner","epifaunal"
"208","Cenorhynchia","pedicle","epifaunal"
"209","Ceocypea","cemented","epifaunal"
"210","Cererithyris","pedicle","epifaunal"
"211","Chaeniorhynchus","pedicle","epifaunal"
"212","Chaohochonetes","recliner","epifaunal"
"213","Chaoiella","recliner","epifaunal"
"214","Chaoina","recliner","epifaunal"
"215","Chapursania","pedicle","epifaunal"
"216","Charltonithyris","pedicle","epifaunal"
"217","Cheirothyris","pedicle","epifaunal"
"218","Chelononia","cemented","epifaunal"
"219","Cheniothyris","pedicle","epifaunal"
"220","Chenxianoproductus","recliner","epifaunal"
"221","Chilianshania","recliner","epifaunal"
"222","Chivatschella","pedicle","epifaunal"
"223","Choanodus","cemented","epifaunal"
"224","Choffatirhynchia","pedicle","epifaunal"
"225","Chondronia","pedicle","epifaunal"
"226","Chonetella","recliner","epifaunal"
"227","Chonetinella","recliner","epifaunal"
"228","Chonetinetes","recliner","epifaunal"
"229","Chonopectella","unknownE","epifaunal"
"230","Chonosteges","cemented","epifaunal"
"231","Chonostegoidella","unknownE","epifaunal"
"232","Chonostegoides","cemented","epifaunal"
"233","Choristitella","pedicle","epifaunal"
"234","Choristites","pedicle","epifaunal"
"235","Chuanyanella","pedicle","epifaunal"
"236","Cimmeriella","recliner","epifaunal"
"237","Cincta","pedicle","epifaunal"
"238","Cirpa","pedicle","epifaunal"
"239","Cisnerospira","pedicle","epifaunal"
"240","Clavigera","pedicle","epifaunal"
"241","Cleiothyridina","pedicle","epifaunal"
"242","Coenothyris","pedicle","epifaunal"
"243","Coledium","pedicle","epifaunal"
"244","Colemanosteges","cemented","epifaunal"
"245","Collemataria","cemented","epifaunal"
"246","Collumatus","cemented","epifaunal"
"247","Colosia","pedicle","epifaunal"
"248","Colpotoria","pedicle","epifaunal"
"249","Comelicania","pedicle","epifaunal"
"250","Comelicothyris","pedicle","epifaunal"
"251","Composita","pedicle","epifaunal"
"252","Compositelasma","pedicle","epifaunal"
"253","Compressoproductus","recliner","epifaunal"
"254","Comuquia","recliner","epifaunal"
"255","Conarothyris","pedicle","epifaunal"
"256","Conocrania","cemented","epifaunal"
"257","Contraspina","recliner","epifaunal"
"258","Coolkilella","recliner","epifaunal"
"259","Coopericus","recliner","epifaunal"
"260","Cooperina","cemented","epifaunal"
"261","Cooperithyris","pedicle","epifaunal"
"262","Cooperrhynchia","pedicle","epifaunal"
"263","Coronalosia","cemented","epifaunal"
"264","Coscinarina","cemented","epifaunal"
"265","Coscinophora","cemented","epifaunal"
"266","Costachonetes","recliner","epifaunal"
"267","Costachonetina","recliner","epifaunal"
"268","Costatispirifer","pedicle","epifaunal"
"269","Costatumulus","recliner","epifaunal"
"270","Costellarina","cemented","epifaunal"
"271","Costicrura","pedicle","epifaunal"
"272","Costiferina","recliner","epifaunal"
"273","Costinorella","pedicle","epifaunal"
"274","Costirhynchia","pedicle","epifaunal"
"275","Costirhynchopsis","pedicle","epifaunal"
"276","Costispinifera","recliner","epifaunal"
"277","Costisteges","cemented","epifaunal"
"278","Costoconcha","pedicle","epifaunal"
"279","Cracowspira","pedicle","epifaunal"
"280","Crania","cemented","epifaunal"
"281","Craniscus","cemented","epifaunal"
"282","Craspedalosia","cemented","epifaunal"
"283","Craspedona","cemented","epifaunal"
"284","Crassispirifer","pedicle","epifaunal"
"285","Cratispirifer","pedicle","epifaunal"
"286","Crenispirifer","pedicle","epifaunal"
"287","Crenulatomargus","pedicle","epifaunal"
"288","Crispithyris","pedicle","epifaunal"
"289","Cruralina","pedicle","epifaunal"
"290","Cruratula","pedicle","epifaunal"
"291","Cruricella","pedicle","epifaunal"
"292","Crurirhynchia","pedicle","epifaunal"
"293","Crurithyris","pedicle","epifaunal"
"294","Cryptacanthia","pedicle","epifaunal"
"295","Cryptorhynchia","pedicle","epifaunal"
"296","Ctenalosia","cemented","epifaunal"
"297","Cubacula","recliner","epifaunal"
"298","Cubanirhynchia","pedicle","epifaunal"
"299","Cubanothyris","pedicle","epifaunal"
"300","Cuersithyris","pedicle","epifaunal"
"301","Cundaria","pedicle","epifaunal"
"302","Cuneirhynchia","pedicle","epifaunal"
"303","Curtirhynchia","pedicle","epifaunal"
"304","Curuckamara","pedicle","epifaunal"
"305","Cyclacantharia","cemented","epifaunal"
"306","Cyclothyris","pedicle","epifaunal"
"307","Cymatorhynchia","pedicle","epifaunal"
"308","Cyndalia","cemented","epifaunal"
"309","Cyrolexis","pedicle","epifaunal"
"310","Cyrtalosia","recliner","epifaunal"
"311","Cyrtella","pedicle","epifaunal"
"312","Cyrtothyris","pedicle","epifaunal"
"313","Cystothyris","pedicle","epifaunal"
"314","Daghanirhynchia","pedicle","epifaunal"
"315","Dagyspirifer","pedicle","epifaunal"
"316","Dagyssia","pedicle","epifaunal"
"317","Dalaia","pedicle","epifaunal"
"318","Darbandia","pedicle","epifaunal"
"319","Dareithyris","pedicle","epifaunal"
"320","Darvasia","pedicle","epifaunal"
"321","Dasyalosia","cemented","epifaunal"
"322","Dasysaria","recliner","epifaunal"
"323","Decurtella","pedicle","epifaunal"
"324","Delmontanella","pedicle","epifaunal"
"325","Deltarhynchia","pedicle","epifaunal"
"326","Deltarina","pedicle","epifaunal"
"327","Demonedys","recliner","epifaunal"
"328","Dentospiriferina","pedicle","epifaunal"
"329","Derbyella","cemented","epifaunal"
"330","Derbyia","cemented","epifaunal"
"331","Derbyoides","cemented","epifaunal"
"332","Deslongchampsithyris","pedicle","epifaunal"
"333","Desmoinesia","recliner","epifaunal"
"334","Dictyoclostoidea","recliner","epifaunal"
"335","Dictyothyris","pedicle","epifaunal"
"336","Dictyothyropsis","pedicle","epifaunal"
"337","Dicystoconcha","cemented","epifaunal"
"338","Dielasma","pedicle","epifaunal"
"339","Dielasmina","pedicle","epifaunal"
"340","Dienope","pedicle","epifaunal"
"341","Dierisma","pedicle","epifaunal"
"342","Digonella","pedicle","epifaunal"
"343","Diholkorhynchia","pedicle","epifaunal"
"344","Dinarispira","pedicle","epifaunal"
"345","Dioristella","pedicle","epifaunal"
"346","Diplanus","pedicle","epifaunal"
"347","Diplospirella","pedicle","epifaunal"
"348","Discinisca","cemented","epifaunal"
"349","Disculina","pedicle","epifaunal"
"350","Disphenia","pedicle","epifaunal"
"351","Dispiriferina","pedicle","epifaunal"
"352","Divaricosta","pedicle","epifaunal"
"353","Dolichobrochus","pedicle","epifaunal"
"354","Domokhotia","pedicle","epifaunal"
"355","Dorashamia","recliner","epifaunal"
"356","Dorsoplicathyris","pedicle","epifaunal"
"357","Druganirhynchia","pedicle","epifaunal"
"358","Duartea","recliner","epifaunal"
"359","Dyoros","recliner","epifaunal"
"360","Dyschrestia","recliner","epifaunal"
"361","Echinalosia","cemented","epifaunal"
"362","Echinaria","recliner","epifaunal"
"363","Echinauriella","recliner","epifaunal"
"364","Echinauris","recliner","epifaunal"
"365","Echinirhynchia","pedicle","epifaunal"
"366","Echinosteges","cemented","epifaunal"
"367","Ectoposia","pedicle","epifaunal"
"368","Ectyphoria","pedicle","epifaunal"
"369","Edriosteges","cemented","epifaunal"
"370","Elasmata","pedicle","epifaunal"
"371","Elassonia","pedicle","epifaunal"
"372","Elinoria","pedicle","epifaunal"
"373","Eliva","pedicle","epifaunal"
"374","Elivella","pedicle","epifaunal"
"375","Elivina","pedicle","epifaunal"
"376","Ella","pedicle","epifaunal"
"377","Elliottella","recliner","epifaunal"
"378","Emeithyris","pedicle","epifaunal"
"379","Enallosia","pedicle","epifaunal"
"380","Enallothecidea","cemented","epifaunal"
"381","Entacanthadus","recliner","epifaunal"
"382","Enteletella","pedicle","epifaunal"
"383","Enteletes","pedicle","epifaunal"
"384","Enteletina","pedicle","epifaunal"
"385","Eodallina","pedicle","epifaunal"
"386","Eolaballa","pedicle","epifaunal"
"387","Eolyttonia","cemented","epifaunal"
"388","Eomarginifera","recliner","epifaunal"
"389","Eoseptaliphoria","pedicle","epifaunal"
"390","Epicelia","cemented","epifaunal"
"391","Epithyris","pedicle","epifaunal"
"392","Epithyroides","pedicle","epifaunal"
"393","Eplenyithyris","pedicle","epifaunal"
"394","Eremithyris","pedicle","epifaunal"
"395","Eridmatus","pedicle","epifaunal"
"396","Eristenosia","pedicle","epifaunal"
"397","Etherilosia","cemented","epifaunal"
"398","Eudesia","pedicle","epifaunal"
"399","Euidothyris","pedicle","epifaunal"
"400","Euractinella","pedicle","epifaunal"
"401","Euxinella","pedicle","epifaunal"
"402","Evargyrotheca","pedicle","epifaunal"
"403","Excavatorhynchia","pedicle","epifaunal"
"404","Exceptothyris","pedicle","epifaunal"
"405","Falafer","cemented","epifaunal"
"406","Fallaxoproductus","recliner","epifaunal"
"407","Farmerella","pedicle","epifaunal"
"408","Fascicosta","pedicle","epifaunal"
"409","Fasciculatia","pedicle","epifaunal"
"410","Fenyveskutella","pedicle","epifaunal"
"411","Ferrythyris","pedicle","epifaunal"
"412","Filiconcha","recliner","epifaunal"
"413","Fimbrinia","recliner","epifaunal"
"414","Fimbriothyris","pedicle","epifaunal"
"415","Fissirhynchia","pedicle","epifaunal"
"416","Flabellirhynchia","pedicle","epifaunal"
"417","Flabellocyrtia","pedicle","epifaunal"
"418","Flabellothyris","pedicle","epifaunal"
"419","Fletcherithyris","pedicle","epifaunal"
"420","Fletcherithyroides","pedicle","epifaunal"
"421","Fortunella","pedicle","epifaunal"
"422","Fostericoncha","recliner","epifaunal"
"423","Fredericksia","pedicle","epifaunal"
"424","Fredericksolasma","pedicle","epifaunal"
"425","Furcirhynchia","pedicle","epifaunal"
"426","Fusichonetes","recliner","epifaunal"
"427","Fusiproductus","recliner","epifaunal"
"428","Fusirhynchia","pedicle","epifaunal"
"429","Fusispirifer","pedicle","epifaunal"
"430","Galliennithyris","pedicle","epifaunal"
"431","Gatia","recliner","epifaunal"
"432","Gefonia","pedicle","epifaunal"
"433","Gemerithyris","pedicle","epifaunal"
"434","Gemmellaroia","cemented","epifaunal"
"435","Georginakingia","pedicle","epifaunal"
"436","Geothomasia","pedicle","epifaunal"
"437","Gerassimovia","pedicle","epifaunal"
"438","Geyerella","cemented","epifaunal"
"439","Gibbirhynchia","pedicle","epifaunal"
"440","Gigantothyris","pedicle","epifaunal"
"441","Gilledia","pedicle","epifaunal"
"442","Girlasia","cemented","epifaunal"
"443","Gjelispinifera","pedicle","epifaunal"
"444","Glabrichonetina","recliner","epifaunal"
"445","Glendonia","pedicle","epifaunal"
"446","Globiella","recliner","epifaunal"
"447","Globirhynchia","pedicle","epifaunal"
"448","Globosobucina","cemented","epifaunal"
"449","Glossothyropsis","pedicle","epifaunal"
"450","Glottidia","infaunal","infaunal"
"451","Glyphisaria","pedicle","epifaunal"
"452","Glyptorhynchia","pedicle","epifaunal"
"453","Glyptosteges","cemented","epifaunal"
"454","Gnathorhynchia","pedicle","epifaunal"
"455","Goleomixa","pedicle","epifaunal"
"456","Goliathyris","pedicle","epifaunal"
"457","Goniarina","cemented","epifaunal"
"458","Goniorhynchia","pedicle","epifaunal"
"459","Goniothyris","pedicle","epifaunal"
"460","Grandaurispina","recliner","epifaunal"
"461","Grandirhynchia","pedicle","epifaunal"
"462","Granulirhynchia","pedicle","epifaunal"
"463","Grestenella","pedicle","epifaunal"
"464","Grigorjevaelasma","pedicle","epifaunal"
"465","Gruntallina","pedicle","epifaunal"
"466","Gruntea","pedicle","epifaunal"
"467","Gruntelasma","pedicle","epifaunal"
"468","Gruntia","pedicle","epifaunal"
"469","Guadalupelosia","cemented","epifaunal"
"470","Guangia","recliner","epifaunal"
"471","Gundaria","cemented","epifaunal"
"472","Gundarolasmina","pedicle","epifaunal"
"473","Gusarella","pedicle","epifaunal"
"474","Gypospirifer","pedicle","epifaunal"
"475","Habrobrochus","pedicle","epifaunal"
"476","Hagabirhynchia","pedicle","epifaunal"
"477","Halorella","pedicle","epifaunal"
"478","Halorellina","pedicle","epifaunal"
"479","Halorelloidea","pedicle","epifaunal"
"480","Hamptonina","pedicle","epifaunal"
"481","Haydenella","recliner","epifaunal"
"482","Heimia","pedicle","epifaunal"
"483","Hemileurus","pedicle","epifaunal"
"484","Hemiptychina","pedicle","epifaunal"
"485","Herangirhynchia","pedicle","epifaunal"
"486","Hercosestria","cemented","epifaunal"
"487","Hercosia","cemented","epifaunal"
"488","Hesperithyris","pedicle","epifaunal"
"489","Heteralosia","cemented","epifaunal"
"490","Heteraria","pedicle","epifaunal"
"491","Heterelasma","pedicle","epifaunal"
"492","Heterelasmina","pedicle","epifaunal"
"493","Heterobrochus","pedicle","epifaunal"
"494","Heteromychus","pedicle","epifaunal"
"495","Hexigtenichonetes","recliner","epifaunal"
"496","Hexiproductus","recliner","epifaunal"
"497","Himalairhynchia","pedicle","epifaunal"
"498","Himathyris","pedicle","epifaunal"
"499","Hirsutella","pedicle","epifaunal"
"500","Holcorhynchella","pedicle","epifaunal"
"501","Holcorhynchia","pedicle","epifaunal"
"502","Holcothyris","pedicle","epifaunal"
"503","Holosia","pedicle","epifaunal"
"504","Holotricharina","recliner","epifaunal"
"505","Homaliarhynchia","pedicle","epifaunal"
"506","Homoeorhynchia","pedicle","epifaunal"
"507","Horridonia","recliner","epifaunal"
"508","Hoskingia","pedicle","epifaunal"
"509","Howseia","cemented","epifaunal"
"510","Huatangia","recliner","epifaunal"
"511","Hungarispira","pedicle","epifaunal"
"512","Hungaritheca","cemented","epifaunal"
"513","Hunzina","pedicle","epifaunal"
"514","Hustedia","pedicle","epifaunal"
"515","Hustedtiella","pedicle","epifaunal"
"516","Hybostenoscisma","pedicle","epifaunal"
"517","Hypopsia","cemented","epifaunal"
"518","Hystriculina","recliner","epifaunal"
"519","Imperiospira","pedicle","epifaunal"
"520","Inaequalis","pedicle","epifaunal"
"521","Incisius","recliner","epifaunal"
"522","Ingelarella","pedicle","epifaunal"
"523","Institella","cemented","epifaunal"
"524","Inversithyris","pedicle","epifaunal"
"525","Iotina","pedicle","epifaunal"
"526","Isjuminella","pedicle","epifaunal"
"527","Ismenia","pedicle","epifaunal"
"528","Isogramma","cemented","epifaunal"
"529","Ivanoviella","pedicle","epifaunal"
"530","Jakubirhynchia","pedicle","epifaunal"
"531","Jakutochonetes","recliner","epifaunal"
"532","Jakutoproductus","recliner","epifaunal"
"533","Janiceps","pedicle","epifaunal"
"534","Jiangdaspirifer","pedicle","epifaunal"
"535","Jilinmartinia","pedicle","epifaunal"
"536","Jinomarginifera","recliner","epifaunal"
"537","Jipuproductus","recliner","epifaunal"
"538","Johncarteria","pedicle","epifaunal"
"539","Johndearia","pedicle","epifaunal"
"540","Jordanithyris","pedicle","epifaunal"
"541","Juralina","pedicle","epifaunal"
"542","Juresania","recliner","epifaunal"
"543","Juxathyris","pedicle","epifaunal"
"544","Kallirhynchia","pedicle","epifaunal"
"545","Kaninochonetes","recliner","epifaunal"
"546","Kaninospirifer","pedicle","epifaunal"
"547","Kanokurachonetes","recliner","epifaunal"
"548","Karadagella","pedicle","epifaunal"
"549","Karadagithyris","pedicle","epifaunal"
"550","Karavankina","recliner","epifaunal"
"551","Karnellia","recliner","epifaunal"
"552","Kasetia","recliner","epifaunal"
"553","Kawhiarhynchia","pedicle","epifaunal"
"554","Kelsovia","pedicle","epifaunal"
"555","Kemeria","recliner","epifaunal"
"556","Kepingia","recliner","epifaunal"
"557","Kericserella","pedicle","epifaunal"
"558","Keyserlingina","cemented","epifaunal"
"559","Kiangsiella","cemented","epifaunal"
"560","Kintathyris","pedicle","epifaunal"
"561","Kitakamichonetes","recliner","epifaunal"
"562","Klipsteinella","pedicle","epifaunal"
"563","Klipsteinelloidea","pedicle","epifaunal"
"564","Kochiproductus","recliner","epifaunal"
"565","Koenigoria","pedicle","epifaunal"
"566","Koeveskallina","pedicle","epifaunal"
"567","Kolymaella","recliner","epifaunal"
"568","Kolymithyris","pedicle","epifaunal"
"569","Komiella","recliner","epifaunal"
"570","Komukia","recliner","epifaunal"
"571","Koninckella","pedicle","epifaunal"
"572","Koninckina","pedicle","epifaunal"
"573","Koninckodonta","pedicle","epifaunal"
"574","Kozlowskia","recliner","epifaunal"
"575","Krimargyrotheca","pedicle","epifaunal"
"576","Kukulkanus","recliner","epifaunal"
"577","Kungaella","pedicle","epifaunal"
"578","Kunlunia","recliner","epifaunal"
"579","Kurtothyris","pedicle","epifaunal"
"580","Kutchirhynchia","pedicle","epifaunal"
"581","Kutchithyris","pedicle","epifaunal"
"582","Kutorginella","recliner","epifaunal"
"583","Kuvelousia","recliner","epifaunal"
"584","Kyutepia","pedicle","epifaunal"
"585","Labaella","recliner","epifaunal"
"586","Labaia","pedicle","epifaunal"
"587","Laballa","pedicle","epifaunal"
"588","Labuella","pedicle","epifaunal"
"589","Lacunaerhynchia","pedicle","epifaunal"
"590","Lacunosella","pedicle","epifaunal"
"591","Laevigaterhynchia","pedicle","epifaunal"
"592","Laevirhynchia","pedicle","epifaunal"
"593","Laevithyris","pedicle","epifaunal"
"594","Laevorhynchia","pedicle","epifaunal"
"595","Laioporella","pedicle","epifaunal"
"596","Lambdarina","pedicle","epifaunal"
"597","Lamellaerhynchia","pedicle","epifaunal"
"598","Lamellokoninckina","pedicle","epifaunal"
"599","Lamellosia","recliner","epifaunal"
"600","Lamnaespina","pedicle","epifaunal"
"601","Lamnimargus","recliner","epifaunal"
"602","Lamniplica","pedicle","epifaunal"
"603","Lampangella","recliner","epifaunal"
"604","Lancangjiangia","pedicle","epifaunal"
"605","Langella","infaunal","infaunal"
"606","Larispirifer","pedicle","epifaunal"
"607","Laterispina","cemented","epifaunal"
"608","Latiflexa","pedicle","epifaunal"
"609","Latispirifer","pedicle","epifaunal"
"610","Lazarevonia","recliner","epifaunal"
"611","Leiolepismatina","pedicle","epifaunal"
"612","Leiorhynchoidea","pedicle","epifaunal"
"613","Lenothyris","pedicle","epifaunal"
"614","Lepidocrania","cemented","epifaunal"
"615","Lepidospirifer","pedicle","epifaunal"
"616","Lepismatina","pedicle","epifaunal"
"617","Leptalosia","cemented","epifaunal"
"618","Leptodus","cemented","epifaunal"
"619","Lessinirhynchia","pedicle","epifaunal"
"620","Lethamia","recliner","epifaunal"
"621","Leurosina","recliner","epifaunal"
"622","Levenolasma","pedicle","epifaunal"
"623","Levinotothyris","pedicle","epifaunal"
"624","Lialosia","cemented","epifaunal"
"625","Liaotarimella","recliner","epifaunal"
"626","Liaous","pedicle","epifaunal"
"627","Liaozhuotingia","recliner","epifaunal"
"628","Licharewia","pedicle","epifaunal"
"629","Licharewiconcha","cemented","epifaunal"
"630","Licharewiella","cemented","epifaunal"
"631","Licharewina","pedicle","epifaunal"
"632","Lichuanorelloides","pedicle","epifaunal"
"633","Limbella","cemented","epifaunal"
"634","Linguithyris","pedicle","epifaunal"
"635","Lingularia","infaunal","infaunal"
"636","Linipalus","recliner","epifaunal"
"637","Linispinus","recliner","epifaunal"
"638","Linnaeocaninella","cemented","epifaunal"
"639","Linoldhamina","cemented","epifaunal"
"640","Linoproductus","recliner","epifaunal"
"641","Linshuichonetes","recliner","epifaunal"
"642","Liosotella","recliner","epifaunal"
"643","Liospiriferina","pedicle","epifaunal"
"644","Lipanteris","cemented","epifaunal"
"645","Liraplecta","recliner","epifaunal"
"646","Liraria","recliner","epifaunal"
"647","Lirellaria","pedicle","epifaunal"
"648","Lirellarina","pedicle","epifaunal"
"649","Lissajousithyris","pedicle","epifaunal"
"650","Lissochonetes","recliner","epifaunal"
"651","Lissorhynchia","pedicle","epifaunal"
"652","Litocothia","cemented","epifaunal"
"653","Liufaia","pedicle","epifaunal"
"654","Liveringia","cemented","epifaunal"
"655","Loboidothyris","pedicle","epifaunal"
"656","Lobothyris","pedicle","epifaunal"
"657","Lobothyroides","pedicle","epifaunal"
"658","Loczyella","cemented","epifaunal"
"659","Lokutella","pedicle","epifaunal"
"660","Lophrothyris","pedicle","epifaunal"
"661","Loriolithyris","pedicle","epifaunal"
"662","Lotharingella","pedicle","epifaunal"
"663","Lowenstamia","pedicle","epifaunal"
"664","Loxophragmus","cemented","epifaunal"
"665","Lunarhynchia","pedicle","epifaunal"
"666","Lunoglossa","infaunal","infaunal"
"667","Lusitanina","pedicle","epifaunal"
"668","Lusothyris","pedicle","epifaunal"
"669","Lychnothyris","pedicle","epifaunal"
"670","Lyonia","recliner","epifaunal"
"671","Madarosia","pedicle","epifaunal"
"672","Madoia","pedicle","epifaunal"
"673","Magadania","recliner","epifaunal"
"674","Magharithyris","pedicle","epifaunal"
"675","Magniplicatina","recliner","epifaunal"
"676","Majkopella","pedicle","epifaunal"
"677","Maorielasma","pedicle","epifaunal"
"678","Maorirhynchia","pedicle","epifaunal"
"679","Mapingtichia","pedicle","epifaunal"
"680","Marginalosia","cemented","epifaunal"
"681","Marginifera","recliner","epifaunal"
"682","Marinurnula","pedicle","epifaunal"
"683","Markamia","recliner","epifaunal"
"684","Martinia","pedicle","epifaunal"
"685","Martiniopsis","pedicle","epifaunal"
"686","Matanoleptodus","cemented","epifaunal"
"687","Maxillirhynchia","pedicle","epifaunal"
"688","Meekella","cemented","epifaunal"
"689","Meekellogeyerella","cemented","epifaunal"
"690","Megapleuronia","cemented","epifaunal"
"691","Megapringia","pedicle","epifaunal"
"692","Megasteges","cemented","epifaunal"
"693","Megatschernyschewia","cemented","epifaunal"
"694","Megousia","recliner","epifaunal"
"695","Meishanorhynchia","pedicle","epifaunal"
"696","Melvillosia","cemented","epifaunal"
"697","Menathyris","pedicle","epifaunal"
"698","Mentzelia","pedicle","epifaunal"
"699","Mentzelioides","pedicle","epifaunal"
"700","Mentzeliopsis","pedicle","epifaunal"
"701","Meristorygma","pedicle","epifaunal"
"702","Merophricus","pedicle","epifaunal"
"703","Mesolobus","recliner","epifaunal"
"704","Mesopunctia","pedicle","epifaunal"
"705","Metriolepis","pedicle","epifaunal"
"706","Micraphelia","recliner","epifaunal"
"707","Micromartinia","pedicle","epifaunal"
"708","Millythyris","pedicle","epifaunal"
"709","Mimaria","pedicle","epifaunal"
"710","Mingenewia","recliner","epifaunal"
"711","Minutomarginifera","recliner","epifaunal"
"712","Minutulirhynchia","pedicle","epifaunal"
"713","Minysphenia","pedicle","epifaunal"
"714","Misolia","pedicle","epifaunal"
"715","Mistproductus","pedicle","epifaunal"
"716","Misunithyris","pedicle","epifaunal"
"717","Moeschia","pedicle","epifaunal"
"718","Moisseievia","pedicle","epifaunal"
"719","Mondegia","pedicle","epifaunal"
"720","Mongolina","pedicle","epifaunal"
"721","Mongolochonetes","recliner","epifaunal"
"722","Mongolosia","cemented","epifaunal"
"723","Mongousia","recliner","epifaunal"
"724","Monsardithyris","pedicle","epifaunal"
"725","Monticlarella","pedicle","epifaunal"
"726","Monticulifera","recliner","epifaunal"
"727","Moorellina","cemented","epifaunal"
"728","Moquellina","pedicle","epifaunal"
"729","Morrisithyris","pedicle","epifaunal"
"730","Moutonithyris","pedicle","epifaunal"
"731","Muirwoodella","pedicle","epifaunal"
"732","Multicorhynchia","pedicle","epifaunal"
"733","Murihikurhynchia","pedicle","epifaunal"
"734","Musculina","pedicle","epifaunal"
"735","Mycerosia","pedicle","epifaunal"
"736","Myodelthyrium","pedicle","epifaunal"
"737","Myopugnax","pedicle","epifaunal"
"738","Nahoniella","pedicle","epifaunal"
"739","Nakimusiella","pedicle","epifaunal"
"740","Nambuccalinus","recliner","epifaunal"
"741","Nannirhynchia","pedicle","epifaunal"
"742","Nantanella","pedicle","epifaunal"
"743","Nastosia","pedicle","epifaunal"
"744","Neilotreta","pedicle","epifaunal"
"745","Nematocrania","cemented","epifaunal"
"746","Neochonetes","recliner","epifaunal"
"747","Neocyrtina","pedicle","epifaunal"
"748","Neofascicosta","pedicle","epifaunal"
"749","Neomunella","pedicle","epifaunal"
"750","Neoplicatifera","recliner","epifaunal"
"751","Neopsilocamara","pedicle","epifaunal"
"752","Neoretzia","pedicle","epifaunal"
"753","Neorichthofenia","cemented","epifaunal"
"754","Neospirifer","pedicle","epifaunal"
"755","Neothecidella","cemented","epifaunal"
"756","Neotornquistia","recliner","epifaunal"
"757","Neotumarinia","pedicle","epifaunal"
"758","Neozeilleria","pedicle","epifaunal"
"759","Nikitinia","recliner","epifaunal"
"760","Nipponirhynchia","pedicle","epifaunal"
"761","Nisalarinia","recliner","epifaunal"
"762","Niutoushania","recliner","epifaunal"
"763","Niviconia","cemented","epifaunal"
"764","Norella","pedicle","epifaunal"
"765","Nothalosina","cemented","epifaunal"
"766","Nothopindax","cemented","epifaunal"
"767","Notolosia","cemented","epifaunal"
"768","Notospirifer","pedicle","epifaunal"
"769","Notostrophia","cemented","epifaunal"
"770","Notothyrina","pedicle","epifaunal"
"771","Notothyris","pedicle","epifaunal"
"772","Nucleata","pedicle","epifaunal"
"773","Nucleatula","pedicle","epifaunal"
"774","Nucleospira","pedicle","epifaunal"
"775","Nucleusorhynchia","pedicle","epifaunal"
"776","Nudauris","recliner","epifaunal"
"777","Nudirostralina","pedicle","epifaunal"
"778","Nudispiriferina","pedicle","epifaunal"
"779","Obnixia","pedicle","epifaunal"
"780","Obovothyris","pedicle","epifaunal"
"781","Obsoletirhynchia","pedicle","epifaunal"
"782","Occidalia","pedicle","epifaunal"
"783","Ochotathyris","pedicle","epifaunal"
"784","Ochotorhynchia","pedicle","epifaunal"
"785","Odontospirifer","pedicle","epifaunal"
"786","Ogbinia","recliner","epifaunal"
"787","Ogilviecoelia","pedicle","epifaunal"
"788","Okathyris","pedicle","epifaunal"
"789","Oldhamina","cemented","epifaunal"
"790","Oligothyrina","pedicle","epifaunal"
"791","Omanilasma","pedicle","epifaunal"
"792","Ombonia","cemented","epifaunal"
"793","Omolonella","pedicle","epifaunal"
"794","Omolonothyris","pedicle","epifaunal"
"795","Oncosarina","recliner","epifaunal"
"796","Orbicoelia","pedicle","epifaunal"
"797","Orbiculoidea","cemented","epifaunal"
"798","Orbirhynchopsis","pedicle","epifaunal"
"799","Orientospira","pedicle","epifaunal"
"800","Orlovirhynchia","pedicle","epifaunal"
"801","Ornithella","pedicle","epifaunal"
"802","Ortarhynchia","pedicle","epifaunal"
"803","Orthotetella","cemented","epifaunal"
"804","Orthotetes","cemented","epifaunal"
"805","Orthothetina","cemented","epifaunal"
"806","Orthothrix","cemented","epifaunal"
"807","Orthotichia","pedicle","epifaunal"
"808","Orthotoma","pedicle","epifaunal"
"809","Orulgania","pedicle","epifaunal"
"810","Osmarella","pedicle","epifaunal"
"811","Otariella","recliner","epifaunal"
"812","Ovatia","recliner","epifaunal"
"813","Overtoniina","recliner","epifaunal"
"814","Ovispirifer","pedicle","epifaunal"
"815","Oxycolpella","pedicle","epifaunal"
"816","Pachycyrtella","pedicle","epifaunal"
"817","Pachymoorellina","cemented","epifaunal"
"818","Paeckelmanella","pedicle","epifaunal"
"819","Pamirorhynchia","pedicle","epifaunal"
"820","Pamirotheca","cemented","epifaunal"
"821","Pamirothyris","pedicle","epifaunal"
"822","Papodina","pedicle","epifaunal"
"823","Papulinella","pedicle","epifaunal"
"824","Paraacanthothyris","pedicle","epifaunal"
"825","Parabrekia","pedicle","epifaunal"
"826","Parachonetella","recliner","epifaunal"
"827","Paracrurithyris","pedicle","epifaunal"
"828","Paradoxothyris","pedicle","epifaunal"
"829","Paradygella","pedicle","epifaunal"
"830","Paragilledia","pedicle","epifaunal"
"831","Paragusarella","pedicle","epifaunal"
"832","Parahemiptychina","pedicle","epifaunal"
"833","Parajuresania","recliner","epifaunal"
"834","Paralaballa","pedicle","epifaunal"
"835","Paralepismatina","pedicle","epifaunal"
"836","Paralyttonia","cemented","epifaunal"
"837","Paramarginifera","recliner","epifaunal"
"838","Paramentzelia","pedicle","epifaunal"
"839","Paramesolobus","recliner","epifaunal"
"840","Paranorella","pedicle","epifaunal"
"841","Paranorellina","pedicle","epifaunal"
"842","Parantiptychia","pedicle","epifaunal"
"843","Paranudirostralina","pedicle","epifaunal"
"844","Paraorthotetina","cemented","epifaunal"
"845","Paraplicatifera","recliner","epifaunal"
"846","Parapulchratia","recliner","epifaunal"
"847","Parapygmochonetes","recliner","epifaunal"
"848","Pararhactorhynchia","pedicle","epifaunal"
"849","Pararigbyella","cemented","epifaunal"
"850","Paraspiriferina","pedicle","epifaunal"
"851","Parasulcatinella","pedicle","epifaunal"
"852","Parathyridina","pedicle","epifaunal"
"853","Parenteletes","pedicle","epifaunal"
"854","Paronarhynchia","pedicle","epifaunal"
"855","Parvichonetes","recliner","epifaunal"
"856","Parvirhynchia","pedicle","epifaunal"
"857","Paryphella","recliner","epifaunal"
"858","Paucispinauria","recliner","epifaunal"
"859","Paucispinifera","recliner","epifaunal"
"860","Peltichia","pedicle","epifaunal"
"861","Peniculauris","recliner","epifaunal"
"862","Pennospiriferina","pedicle","epifaunal"
"863","Pentactinella","pedicle","epifaunal"
"864","Penzhinella","pedicle","epifaunal"
"865","Peregrinella","pedicle","epifaunal"
"866","Peregrinelloidea","pedicle","epifaunal"
"867","Periallus","pedicle","epifaunal"
"868","Perigeyerella","cemented","epifaunal"
"869","Peristerothyris","pedicle","epifaunal"
"870","Permasyrinx","pedicle","epifaunal"
"871","Permianella","cemented","epifaunal"
"872","Permicola","pedicle","epifaunal"
"873","Permochonetes","recliner","epifaunal"
"874","Permocryptospirifer","pedicle","epifaunal"
"875","Permophricodothyris","pedicle","epifaunal"
"876","Permospirifer","pedicle","epifaunal"
"877","Permundaria","recliner","epifaunal"
"878","Perrierithyris","pedicle","epifaunal"
"879","Petalothyris","pedicle","epifaunal"
"880","Petasmaia","cemented","epifaunal"
"881","Petasmatherus","pedicle","epifaunal"
"882","Petinospiriferina","pedicle","epifaunal"
"883","Pexidella","pedicle","epifaunal"
"884","Phrenophoria","pedicle","epifaunal"
"885","Phricodothyris","pedicle","epifaunal"
"886","Phymatothyris","pedicle","epifaunal"
"887","Piarorhynchia","pedicle","epifaunal"
"888","Pinaxiothyris","pedicle","epifaunal"
"889","Pinegathyris","pedicle","epifaunal"
"890","Pinegeria","recliner","epifaunal"
"891","Pinegochonetes","recliner","epifaunal"
"892","Pirgulia","cemented","epifaunal"
"893","Pirithyris","pedicle","epifaunal"
"894","Pisirhynchia","pedicle","epifaunal"
"895","Pitakpaivania","recliner","epifaunal"
"896","Placothyris","pedicle","epifaunal"
"897","Planirhynchia","pedicle","epifaunal"
"898","Planispina","cemented","epifaunal"
"899","Planothyris","pedicle","epifaunal"
"900","Plectelasma","pedicle","epifaunal"
"901","Plectoconcha","pedicle","epifaunal"
"902","Plectoidothyris","pedicle","epifaunal"
"903","Plectothyris","pedicle","epifaunal"
"904","Plekonella","pedicle","epifaunal"
"905","Plekonina","pedicle","epifaunal"
"906","Plesiothyris","pedicle","epifaunal"
"907","Pleurelasma","pedicle","epifaunal"
"908","Pleurohorridonia","recliner","epifaunal"
"909","Plicarostrum","pedicle","epifaunal"
"910","Plicatospiriferella","pedicle","epifaunal"
"911","Plicochonetes","recliner","epifaunal"
"912","Poikilosakos","cemented","epifaunal"
"913","Polymorpharia","cemented","epifaunal"
"914","Polyplectella","pedicle","epifaunal"
"915","Pondospirifer","pedicle","epifaunal"
"916","Pontaltorhynchia","pedicle","epifaunal"
"917","Pontielasma","pedicle","epifaunal"
"918","Pontisia","pedicle","epifaunal"
"919","Portneufia","pedicle","epifaunal"
"920","Posicomta","pedicle","epifaunal"
"921","Postamartinia","pedicle","epifaunal"
"922","Postepithyris","pedicle","epifaunal"
"923","Praeangustothyris","pedicle","epifaunal"
"924","Praeargyrotheca","pedicle","epifaunal"
"925","Praecubanothyris","pedicle","epifaunal"
"926","Praehorridonia","recliner","epifaunal"
"927","Praelongithyris","pedicle","epifaunal"
"928","Praemonticlarella","pedicle","epifaunal"
"929","Praesphaeroidothyris","pedicle","epifaunal"
"930","Prelissorhynchia","pedicle","epifaunal"
"931","Primorewia","pedicle","epifaunal"
"932","Prionorhynchia","pedicle","epifaunal"
"933","Probolionia","recliner","epifaunal"
"934","Propygope","pedicle","epifaunal"
"935","Protanidanthus","recliner","epifaunal"
"936","Proteguliferina","cemented","epifaunal"
"937","Proteorhynchia","pedicle","epifaunal"
"938","Protoanidanthus","recliner","epifaunal"
"939","Protogusarella","pedicle","epifaunal"
"940","Protolacazella","cemented","epifaunal"
"941","Psebajithyris","pedicle","epifaunal"
"942","Pseudoantiquatonia","recliner","epifaunal"
"943","Pseudoavonia","recliner","epifaunal"
"944","Pseudocyrtina","pedicle","epifaunal"
"945","Pseudodielasma","pedicle","epifaunal"
"946","Pseudogibbirhynchia","pedicle","epifaunal"
"947","Pseudoglossothyris","pedicle","epifaunal"
"948","Pseudohalorella","pedicle","epifaunal"
"949","Pseudoharttina","pedicle","epifaunal"
"950","Pseudokingena","pedicle","epifaunal"
"951","Pseudokoninckina","pedicle","epifaunal"
"952","Pseudolabaia","pedicle","epifaunal"
"953","Pseudolaballa","pedicle","epifaunal"
"954","Pseudolepismatina","pedicle","epifaunal"
"955","Pseudoleptodus","cemented","epifaunal"
"956","Pseudolowenstamia","pedicle","epifaunal"
"957","Pseudomonticlarella","pedicle","epifaunal"
"958","Pseudorhaetina","pedicle","epifaunal"
"959","Pseudorostranteris","pedicle","epifaunal"
"960","Pseudorugitela","pedicle","epifaunal"
"961","Pseudospiriferina","pedicle","epifaunal"
"962","Pseudospondylospira","pedicle","epifaunal"
"963","Pseudostreptorhynchus","cemented","epifaunal"
"964","Pseudostrophalosia","cemented","epifaunal"
"965","Pseudosyringothyris","pedicle","epifaunal"
"966","Pseudowellerella","pedicle","epifaunal"
"967","Psilocamara","pedicle","epifaunal"
"968","Psilothyris","pedicle","epifaunal"
"969","Psioidea","pedicle","epifaunal"
"970","Psioidiella","pedicle","epifaunal"
"971","Pteroplecta","pedicle","epifaunal"
"972","Pterospirifer","pedicle","epifaunal"
"973","Ptilorhynchia","pedicle","epifaunal"
"974","Ptilotorhynchus","pedicle","epifaunal"
"975","Ptychomentzelia","pedicle","epifaunal"
"976","Ptyctorhynchia","pedicle","epifaunal"
"977","Ptyctothyris","pedicle","epifaunal"
"978","Ptygmactrum","pedicle","epifaunal"
"979","Pulchratia","recliner","epifaunal"
"980","Punctospirella","pedicle","epifaunal"
"981","Purdonella","pedicle","epifaunal"
"982","Pustuloplica","pedicle","epifaunal"
"983","Pustulospiriferina","pedicle","epifaunal"
"984","Pyandzhelasma","pedicle","epifaunal"
"985","Pycnoria","pedicle","epifaunal"
"986","Pygites","pedicle","epifaunal"
"987","Pygmochonetes","recliner","epifaunal"
"988","Pygope","pedicle","epifaunal"
"989","Pyramidathyris","pedicle","epifaunal"
"990","Qilianoconcha","pedicle","epifaunal"
"991","Qinghaispiriferina","pedicle","epifaunal"
"992","Qinglongia","pedicle","epifaunal"
"993","Qingthyris","pedicle","epifaunal"
"994","Qingyenia","pedicle","epifaunal"
"995","Qispiriferina","pedicle","epifaunal"
"996","Quadratirhynchia","pedicle","epifaunal"
"997","Quadrochonetes","recliner","epifaunal"
"998","Quadrospira","pedicle","epifaunal"
"999","Quinquenella","recliner","epifaunal"
"1000","Quispira","pedicle","epifaunal"
"1001","Rallacosta","pedicle","epifaunal"
"1002","Ramavectus","cemented","epifaunal"
"1003","Ramovsina","cemented","epifaunal"
"1004","Rastelligera","pedicle","epifaunal"
"1005","Rectirhynchia","pedicle","epifaunal"
"1006","Reedoconcha","cemented","epifaunal"
"1007","Reedosepta","cemented","epifaunal"
"1008","Regrantia","recliner","epifaunal"
"1009","Reticulariina","pedicle","epifaunal"
"1010","Reticulatia","recliner","epifaunal"
"1011","Retimarginifera","recliner","epifaunal"
"1012","Rhactorhynchia","pedicle","epifaunal"
"1013","Rhaetina","pedicle","epifaunal"
"1014","Rhamnaria","cemented","epifaunal"
"1015","Rhapidothyris","pedicle","epifaunal"
"1016","Rhipidomella","pedicle","epifaunal"
"1017","Rhombospirifer","pedicle","epifaunal"
"1018","Rhynchonella","pedicle","epifaunal"
"1019","Rhynchonellina","pedicle","epifaunal"
"1020","Rhynchonelloidea","pedicle","epifaunal"
"1021","Rhynchonelloidella","pedicle","epifaunal"
"1022","Rhynchopora","pedicle","epifaunal"
"1023","Rhynoleichus","pedicle","epifaunal"
"1024","Rhytisia","recliner","epifaunal"
"1025","Richthofenia","cemented","epifaunal"
"1026","Rigbyella","cemented","epifaunal"
"1027","Rigrantia","recliner","epifaunal"
"1028","Rimirhynchia","pedicle","epifaunal"
"1029","Rimirhynchopsis","pedicle","epifaunal"
"1030","Rioultina","cemented","epifaunal"
"1031","Robinsonella","pedicle","epifaunal"
"1032","Robustirhynchia","pedicle","epifaunal"
"1033","Rocheithyris","pedicle","epifaunal"
"1034","Rorespirifer","pedicle","epifaunal"
"1035","Rostranteris","pedicle","epifaunal"
"1036","Rouillieria","pedicle","epifaunal"
"1037","Rudirhynchia","pedicle","epifaunal"
"1038","Rugaria","recliner","epifaunal"
"1039","Rugatia","recliner","epifaunal"
"1040","Rugitela","pedicle","epifaunal"
"1041","Rugithyris","pedicle","epifaunal"
"1042","Rugivestis","recliner","epifaunal"
"1043","Rugoconcha","recliner","epifaunal"
"1044","Rugosochonetes","recliner","epifaunal"
"1045","Russirhynchia","pedicle","epifaunal"
"1046","Rutorhynchia","pedicle","epifaunal"
"1047","Saccorhynchia","pedicle","epifaunal"
"1048","Sacothyris","pedicle","epifaunal"
"1049","Sacothyropsis","pedicle","epifaunal"
"1050","Saeptathaerus","cemented","epifaunal"
"1051","Sakawairhynchia","pedicle","epifaunal"
"1052","Salgirella","pedicle","epifaunal"
"1053","Sandrella","recliner","epifaunal"
"1054","Sarganostega","pedicle","epifaunal"
"1055","Sarytchevinella","recliner","epifaunal"
"1056","Saubachia","pedicle","epifaunal"
"1057","Scacchinella","cemented","epifaunal"
"1058","Scalpellirhynchia","pedicle","epifaunal"
"1059","Scapharina","recliner","epifaunal"
"1060","Sceletonia","cemented","epifaunal"
"1061","Scenesia","pedicle","epifaunal"
"1062","Schizopleuronia","cemented","epifaunal"
"1063","Schizoria","pedicle","epifaunal"
"1064","Schrenkiella","recliner","epifaunal"
"1065","Schuchertella","cemented","epifaunal"
"1066","Schwagerispira","pedicle","epifaunal"
"1067","Securina","pedicle","epifaunal"
"1068","Securithyris","pedicle","epifaunal"
"1069","Sedecularia","pedicle","epifaunal"
"1070","Seductorithyris","pedicle","epifaunal"
"1071","Sellithyris","pedicle","epifaunal"
"1072","Selloproductus","recliner","epifaunal"
"1073","Selongthyris","pedicle","epifaunal"
"1074","Semilingula","infaunal","infaunal"
"1075","Semilunataproductus","cemented","epifaunal"
"1076","Septacamarella","pedicle","epifaunal"
"1077","Septacamera","pedicle","epifaunal"
"1078","Septaliphoria","pedicle","epifaunal"
"1079","Septaliphorioidea","pedicle","epifaunal"
"1080","Septamphiclina","pedicle","epifaunal"
"1081","Septiconcha","recliner","epifaunal"
"1082","Septirhynchia","pedicle","epifaunal"
"1083","Septocrurella","pedicle","epifaunal"
"1084","Septocyclothyris","pedicle","epifaunal"
"1085","Septospirigerella","pedicle","epifaunal"
"1086","Serratapringia","pedicle","epifaunal"
"1087","Seseloidia","cemented","epifaunal"
"1088","Sestropoma","cemented","epifaunal"
"1089","Sharpirhynchia","pedicle","epifaunal"
"1090","Shumardella","pedicle","epifaunal"
"1091","Siberiothyris","pedicle","epifaunal"
"1092","Sicelia","cemented","epifaunal"
"1093","Sichuanothyris","pedicle","epifaunal"
"1094","Sicularia","cemented","epifaunal"
"1095","Silesiathyris","pedicle","epifaunal"
"1096","Simplicarina","recliner","epifaunal"
"1097","Simplicisulcus","pedicle","epifaunal"
"1098","Sinaithyris","pedicle","epifaunal"
"1099","Sinoglottidia","infaunal","infaunal"
"1100","Sinolingularia","infaunal","infaunal"
"1101","Sinorhynchia","pedicle","epifaunal"
"1102","Sinucosta","pedicle","epifaunal"
"1103","Sinucostella","pedicle","epifaunal"
"1104","Sinuplicorhynchia","pedicle","epifaunal"
"1105","Siphonosia","cemented","epifaunal"
"1106","Smirnovina","pedicle","epifaunal"
"1107","Soaresirhynchia","pedicle","epifaunal"
"1108","Sogxianthyris","pedicle","epifaunal"
"1109","Sokelasma","pedicle","epifaunal"
"1110","Somalirhynchia","pedicle","epifaunal"
"1111","Somalitela","pedicle","epifaunal"
"1112","Somalithyris","pedicle","epifaunal"
"1113","Sowburia","recliner","epifaunal"
"1114","Sowerbina","recliner","epifaunal"
"1115","Spargospinosa","recliner","epifaunal"
"1116","Spasskothyris","pedicle","epifaunal"
"1117","Speciothyris","pedicle","epifaunal"
"1118","Sphaeroidothyris","pedicle","epifaunal"
"1119","Sphenalosia","cemented","epifaunal"
"1120","Sphenorhynchia","pedicle","epifaunal"
"1121","Sphenosteges","cemented","epifaunal"
"1122","Spinarella","recliner","epifaunal"
"1123","Spinifrons","recliner","epifaunal"
"1124","Spinolepismatina","pedicle","epifaunal"
"1125","Spinomarginifera","recliner","epifaunal"
"1126","Spinomartinia","pedicle","epifaunal"
"1127","Spinuliplica","pedicle","epifaunal"
"1128","Spirelytha","pedicle","epifaunal"
"1129","Spiriferalaria","pedicle","epifaunal"
"1130","Spiriferella","pedicle","epifaunal"
"1131","Spiriferellina","pedicle","epifaunal"
"1132","Spiriferina","pedicle","epifaunal"
"1133","Spiriferinaella","pedicle","epifaunal"
"1134","Spiriferinoides","pedicle","epifaunal"
"1135","Spirigerella","pedicle","epifaunal"
"1136","Spirigerellina","pedicle","epifaunal"
"1137","Spirisosium","cemented","epifaunal"
"1138","Spitzbergenia","recliner","epifaunal"
"1139","Spondylospira","pedicle","epifaunal"
"1140","Spondylospiriferina","pedicle","epifaunal"
"1141","Spuriosa","cemented","epifaunal"
"1142","Spyridiophora","recliner","epifaunal"
"1143","Squamaria","recliner","epifaunal"
"1144","Squamirhynchia","pedicle","epifaunal"
"1145","Squamularia","pedicle","epifaunal"
"1146","Stenogmus","pedicle","epifaunal"
"1147","Stenoscisma","pedicle","epifaunal"
"1148","Stepanoconchus","recliner","epifaunal"
"1149","Stepanoviella","recliner","epifaunal"
"1150","Stepanoviina","pedicle","epifaunal"
"1151","Stereochia","recliner","epifaunal"
"1152","Stictozoster","recliner","epifaunal"
"1153","Stiphrothyris","pedicle","epifaunal"
"1154","Stolmorhynchia","pedicle","epifaunal"
"1155","Stolzenburgiella","pedicle","epifaunal"
"1156","Streptorhynchus","cemented","epifaunal"
"1157","Striapustula","recliner","epifaunal"
"1158","Strigirhynchia","pedicle","epifaunal"
"1159","Strigospina","recliner","epifaunal"
"1160","Striirhynchia","pedicle","epifaunal"
"1161","Striirichthofenia","cemented","epifaunal"
"1162","Striithyris","pedicle","epifaunal"
"1163","Striochonetes","recliner","epifaunal"
"1164","Strongylobrochus","pedicle","epifaunal"
"1165","Strongyloria","pedicle","epifaunal"
"1166","Strophalosia","cemented","epifaunal"
"1167","Strophalosiina","cemented","epifaunal"
"1168","Strophorichthofenia","cemented","epifaunal"
"1169","Stroudithyris","pedicle","epifaunal"
"1170","Subansiria","pedicle","epifaunal"
"1171","Sublinoproductus","recliner","epifaunal"
"1172","Subtaeniothaerus","cemented","epifaunal"
"1173","Subtilichonetes","recliner","epifaunal"
"1174","Suessia","pedicle","epifaunal"
"1175","Sulcataria","recliner","epifaunal"
"1176","Sulcatinella","pedicle","epifaunal"
"1177","Sulcatothyris","pedicle","epifaunal"
"1178","Sulcicosta","pedicle","epifaunal"
"1179","Sulciplica","pedicle","epifaunal"
"1180","Sulcirhynchia","pedicle","epifaunal"
"1181","Sulcirostra","pedicle","epifaunal"
"1182","Sulcirugaria","recliner","epifaunal"
"1183","Sulcispiriferina","pedicle","epifaunal"
"1184","Sulcorhynchia","pedicle","epifaunal"
"1185","Svalbardia","recliner","epifaunal"
"1186","Symphythyris","pedicle","epifaunal"
"1187","Syrella","pedicle","epifaunal"
"1188","Tabellina","pedicle","epifaunal"
"1189","Tacinia","pedicle","epifaunal"
"1190","Taeniothaerus","cemented","epifaunal"
"1191","Taimyrella","pedicle","epifaunal"
"1192","Taimyropsis","cemented","epifaunal"
"1193","Taimyrothyris","pedicle","epifaunal"
"1194","Tainuirhynchia","pedicle","epifaunal"
"1195","Talexirhynchia","pedicle","epifaunal"
"1196","Tanggularella","pedicle","epifaunal"
"1197","Tangshanella","pedicle","epifaunal"
"1198","Tapetulasma","pedicle","epifaunal"
"1199","Taphrosestria","cemented","epifaunal"
"1200","Tarimathyris","pedicle","epifaunal"
"1201","Tauromenia","pedicle","epifaunal"
"1202","Tautosia","pedicle","epifaunal"
"1203","Tectarea","cemented","epifaunal"
"1204","Teguliferina","cemented","epifaunal"
"1205","Tegulispirifer","pedicle","epifaunal"
"1206","Tegulithyris","pedicle","epifaunal"
"1207","Teleoproductus","recliner","epifaunal"
"1208","Telothyris","pedicle","epifaunal"
"1209","Tenuichonetes","recliner","epifaunal"
"1210","Terebrataliopsis","pedicle","epifaunal"
"1211","Terebratulina","pedicle","epifaunal"
"1212","Terebratuloidea","pedicle","epifaunal"
"1213","Terrakea","recliner","epifaunal"
"1214","Teserina","cemented","epifaunal"
"1215","Tethysiella","recliner","epifaunal"
"1216","Tethyspira","pedicle","epifaunal"
"1217","Tetractinella","pedicle","epifaunal"
"1218","Tetrarhynchia","pedicle","epifaunal"
"1219","Texarina","pedicle","epifaunal"
"1220","Thadiqithyris","pedicle","epifaunal"
"1221","Thamnosia","recliner","epifaunal"
"1222","Thecidiopsis","cemented","epifaunal"
"1223","Thecocyrtella","pedicle","epifaunal"
"1224","Thecocyrtelloidea","pedicle","epifaunal"
"1225","Thecospira","cemented","epifaunal"
"1226","Thecospirella","cemented","epifaunal"
"1227","Thedusia","pedicle","epifaunal"
"1228","Thurmannella","pedicle","epifaunal"
"1229","Thyratryaria","pedicle","epifaunal"
"1230","Tianjunospina","pedicle","epifaunal"
"1231","Tianshanoproductus","recliner","epifaunal"
"1232","Tibetothyris","pedicle","epifaunal"
"1233","Tigillumia","pedicle","epifaunal"
"1234","Timaniella","pedicle","epifaunal"
"1235","Timorhynchia","pedicle","epifaunal"
"1236","Timorina","pedicle","epifaunal"
"1237","Tipispirifer","pedicle","epifaunal"
"1238","Tiramnia","pedicle","epifaunal"
"1239","Titanothyris","pedicle","epifaunal"
"1240","Tityrophoria","recliner","epifaunal"
"1241","Tivertonia","recliner","epifaunal"
"1242","Tomiopsis","pedicle","epifaunal"
"1243","Tonasirhynchia","pedicle","epifaunal"
"1244","Tongzithyris","pedicle","epifaunal"
"1245","Tornquistia","recliner","epifaunal"
"1246","Torquirhynchia","pedicle","epifaunal"
"1247","Torynechus","pedicle","epifaunal"
"1248","Tosuhuthyris","pedicle","epifaunal"
"1249","Trachomarginifera","recliner","epifaunal"
"1250","Transcaucasathyris","pedicle","epifaunal"
"1251","Transennatia","recliner","epifaunal"
"1252","Triadispira","pedicle","epifaunal"
"1253","Triadithyris","pedicle","epifaunal"
"1254","Triangope","pedicle","epifaunal"
"1255","Triasorhynchia","pedicle","epifaunal"
"1256","Trichorhynchia","pedicle","epifaunal"
"1257","Trichothyris","pedicle","epifaunal"
"1258","Tricoria","pedicle","epifaunal"
"1259","Trigonellina","pedicle","epifaunal"
"1260","Trigonirhynchella","pedicle","epifaunal"
"1261","Trigonithyris","pedicle","epifaunal"
"1262","Trigonoglossa","infaunal","infaunal"
"1263","Trigonoproductus","cemented","epifaunal"
"1264","Trigonotreta","pedicle","epifaunal"
"1265","Triseptothyris","pedicle","epifaunal"
"1266","Tropeothyris","pedicle","epifaunal"
"1267","Trophisina","pedicle","epifaunal"
"1268","Tropidelasma","cemented","epifaunal"
"1269","Tschernyschewia","cemented","epifaunal"
"1270","Tubaria","recliner","epifaunal"
"1271","Tubegatanella","pedicle","epifaunal"
"1272","Tuberculatella","recliner","epifaunal"
"1273","Tubersulculus","recliner","epifaunal"
"1274","Tubithyris","pedicle","epifaunal"
"1275","Tulungospirifer","pedicle","epifaunal"
"1276","Tumarinia","pedicle","epifaunal"
"1277","Tunethyris","pedicle","epifaunal"
"1278","Tuotalania","pedicle","epifaunal"
"1279","Turkmenithyris","pedicle","epifaunal"
"1280","Tweedaleia","pedicle","epifaunal"
"1281","Tyloplecta","recliner","epifaunal"
"1282","Tylospiriferina","pedicle","epifaunal"
"1283","Uncinella","pedicle","epifaunal"
"1284","Uncinunellina","pedicle","epifaunal"
"1285","Undellaria","recliner","epifaunal"
"1286","Undulella","recliner","epifaunal"
"1287","Unicostatina","pedicle","epifaunal"
"1288","Uniplicatorhynchia","pedicle","epifaunal"
"1289","Uralella","pedicle","epifaunal"
"1290","Uraloproductus","recliner","epifaunal"
"1291","Uralorhynchia","pedicle","epifaunal"
"1292","Urushtenia","cemented","epifaunal"
"1293","Urushtenoidea","cemented","epifaunal"
"1294","Ussuricamara","pedicle","epifaunal"
"1295","Ustritskia","pedicle","epifaunal"
"1296","Vediproductus","recliner","epifaunal"
"1297","Veghirhynchia","pedicle","epifaunal"
"1298","Verchojania","recliner","epifaunal"
"1299","Vex","pedicle","epifaunal"
"1300","Viallithyris","pedicle","epifaunal"
"1301","Vigdalia","recliner","epifaunal"
"1302","Viligella","pedicle","epifaunal"
"1303","Viligothyris","pedicle","epifaunal"
"1304","Vincentirhynchia","pedicle","epifaunal"
"1305","Vitimetula","pedicle","epifaunal"
"1306","Volirhynchia","pedicle","epifaunal"
"1307","Waagenites","recliner","epifaunal"
"1308","Waagenoconcha","recliner","epifaunal"
"1309","Waikatorhynchia","pedicle","epifaunal"
"1310","Wairakirhynchia","pedicle","epifaunal"
"1311","Waterhouseiella","recliner","epifaunal"
"1312","Wattonithyris","pedicle","epifaunal"
"1313","Weberithyris","pedicle","epifaunal"
"1314","Wellerella","pedicle","epifaunal"
"1315","Wellerellina","pedicle","epifaunal"
"1316","Werriea","cemented","epifaunal"
"1317","Whitspakia","pedicle","epifaunal"
"1318","Wilberrya","pedicle","epifaunal"
"1319","Wittenburgella","pedicle","epifaunal"
"1320","Woolagia","pedicle","epifaunal"
"1321","Wooramella","recliner","epifaunal"
"1322","Worobievella","pedicle","epifaunal"
"1323","Wyatkina","cemented","epifaunal"
"1324","Wyndhamia","cemented","epifaunal"
"1325","Xenorina","pedicle","epifaunal"
"1326","Xenosaria","pedicle","epifaunal"
"1327","Xenosteges","cemented","epifaunal"
"1328","Xestosia","recliner","epifaunal"
"1329","Xestosina","pedicle","epifaunal"
"1330","Xestotrema","pedicle","epifaunal"
"1331","Xizispirifer","pedicle","epifaunal"
"1332","Yakovlevia","recliner","epifaunal"
"1333","Yalongia","pedicle","epifaunal"
"1334","Yangkongia","pedicle","epifaunal"
"1335","Yanospira","pedicle","epifaunal"
"1336","Yaonoiella","pedicle","epifaunal"
"1337","Yidunella","pedicle","epifaunal"
"1338","Yochelsonia","pedicle","epifaunal"
"1339","Yukonospirifer","pedicle","epifaunal"
"1340","Yulongella","pedicle","epifaunal"
"1341","Zeilleria","pedicle","epifaunal"
"1342","Zeillerina","pedicle","epifaunal"
"1343","Zeuschneria","pedicle","epifaunal"
"1344","Zhejiangoproductus","recliner","epifaunal"
"1345","Zhejiangospirifer","pedicle","epifaunal"
"1346","Zhexichonetes","recliner","epifaunal"
"1347","Zhidothyris","pedicle","epifaunal"
"1348","Zhinania","pedicle","epifaunal"
"1349","Zhuaconcha","recliner","epifaunal"
"1350","Zittelina","pedicle","epifaunal"
"1351","Zugmayerella","pedicle","epifaunal"
"1352","Zugmayeria","pedicle","epifaunal"
